Type,treatment,abs.mean.diff(N),abs.lcl.diff(N),abs.ucl.diff(N),prop.mean.diff(%),prop.lcl.diff(%),prop.ucl.diff(%)
Seabird bycatch,kite_control_diff,-0.202811143033556,-0.372814058111877,-0.0653124017516188,-82.4630332847536,-317.747358472119,-15.8585112983102
Seabird bycatch,night_control_diff,-0.185582972182342,-0.357398363458299,-0.046589007349035,-75.4580571030258,-304.608647233613,-11.3122818883845
Fish catch,kite_control_diff,-0.443877338303225,-2.71804616932277,1.80323031020126,-3.92893807142328,-28.0034711237231,13.8723649079188
Fish catch,night_control_diff,2.4007569646504,-0.178349008647591,5.02436357249453,21.2500720913263,-1.83749318535375,38.6527469693649
