Type,treatment,abs.mean.diff(N),abs.lcl.diff(N),abs.ucl.diff(N),prop.mean.diff(%),prop.lcl.diff(%),prop.ucl.diff(%)
Seabird bycatch,kite_control_diff,-0.118556923337509,-0.236305094077298,-0.00253935667015214,-54.3672280812343,-176.416438136037,-0.79984372536406
Seabird bycatch,night_control_diff,-0.143298445205442,-0.253451366663772,-0.041851389178512,-65.7130687508799,-189.217196193441,-13.1823037801919
Seabird bycatch,nightkite_control_diff,-0.218066889782139,-0.317481601671166,-0.133947321788165,-100,-237.019745846995,-42.1905776848456
Fish catch,kite_control_diff,-1.14015125172867,-2.98083543203606,0.743603989473283,-11.0749807280173,-32.6755114802161,6.45433833335717
Fish catch,night_control_diff,-0.657415554768392,-2.55709886336548,1.26391128366849,-6.38587607417849,-28.030569003561,10.9705046820991
Fish catch,nightkite_control_diff,-0.844045122417485,-3.44800010393046,1.88297110654447,-8.19872227494186,-37.7965069016944,16.3438238170058
