Type,treatment,abs.mean.diff(N),abs.lcl.diff(N),abs.ucl.diff(N),prop.mean.diff(%),prop.lcl.diff(%),prop.ucl.diff(%)
Seabird bycatch,kite_control_diff,-0.118460993979047,-0.233734402167644,-0.000958426459952342,-54.3086754451816,-172.069986805858,-0.306050794046276
Seabird bycatch,night_control_diff,-0.159923783639891,-0.261601186424483,-0.0676033657024375,-73.317372832449,-192.584883863916,-21.5875339610935
Fish catch,kite_control_diff,-1.77354287327445,-3.47149466684898,-0.112398908355285,-18.027212063022,-39.8184086067891,-1.02149777622157
Fish catch,night_control_diff,3.02944697349432,0.960891678195049,5.15233005319122,30.7928744479869,11.0215285175601,46.8251317446798
